Region,Sector,Age,gdp
C_NE,A_AGRICULTURE,A16,1270000000
C_NE,A_AGRICULTURE,A18,1270000000
C_NE,A_AGRICULTURE,A25,1270000000
C_NE,A_AGRICULTURE,A35,1270000000
C_NE,A_AGRICULTURE,A50,1270000000
C_NE,A_AGRICULTURE,A65,1270000000
C_NE,B_MINING,A16,1270000000
C_NE,B_MINING,A18,1270000000
C_NE,B_MINING,A25,1270000000
C_NE,B_MINING,A35,1270000000
C_NE,B_MINING,A50,1270000000
C_NE,B_MINING,A65,1270000000
C_NE,C_MANUFACTURING,A16,1270000000
C_NE,C_MANUFACTURING,A18,1270000000
C_NE,C_MANUFACTURING,A25,1270000000
C_NE,C_MANUFACTURING,A35,1270000000
C_NE,C_MANUFACTURING,A50,1270000000
C_NE,C_MANUFACTURING,A65,1270000000
C_NE,D_ELECTRICITY,A16,1270000000
C_NE,D_ELECTRICITY,A18,1270000000
C_NE,D_ELECTRICITY,A25,1270000000
C_NE,D_ELECTRICITY,A35,1270000000
C_NE,D_ELECTRICITY,A50,1270000000
C_NE,D_ELECTRICITY,A65,1270000000
C_NE,E_WATER,A16,1270000000
C_NE,E_WATER,A18,1270000000
C_NE,E_WATER,A25,1270000000
C_NE,E_WATER,A35,1270000000
C_NE,E_WATER,A50,1270000000
C_NE,E_WATER,A65,1270000000
C_NE,F_CONSTRUCTION,A16,1270000000
C_NE,F_CONSTRUCTION,A18,1270000000
C_NE,F_CONSTRUCTION,A25,1270000000
C_NE,F_CONSTRUCTION,A35,1270000000
C_NE,F_CONSTRUCTION,A50,1270000000
C_NE,F_CONSTRUCTION,A65,1270000000
C_NE,G_TRADE,A16,1270000000
C_NE,G_TRADE,A18,1270000000
C_NE,G_TRADE,A25,1270000000
C_NE,G_TRADE,A35,1270000000
C_NE,G_TRADE,A50,1270000000
C_NE,G_TRADE,A65,1270000000
C_NE,H_TRANSPORT,A16,1270000000
C_NE,H_TRANSPORT,A18,1270000000
C_NE,H_TRANSPORT,A25,1270000000
C_NE,H_TRANSPORT,A35,1270000000
C_NE,H_TRANSPORT,A50,1270000000
C_NE,H_TRANSPORT,A65,1270000000
C_NE,I_ACCOMODATION,A16,1270000000
C_NE,I_ACCOMODATION,A18,1270000000
C_NE,I_ACCOMODATION,A25,1270000000
C_NE,I_ACCOMODATION,A35,1270000000
C_NE,I_ACCOMODATION,A50,1270000000
C_NE,I_ACCOMODATION,A65,1270000000
C_NE,J_COMMUNICATION,A16,1270000000
C_NE,J_COMMUNICATION,A18,1270000000
C_NE,J_COMMUNICATION,A25,1270000000
C_NE,J_COMMUNICATION,A35,1270000000
C_NE,J_COMMUNICATION,A50,1270000000
C_NE,J_COMMUNICATION,A65,1270000000
C_NE,K_FINANCIAL,A16,1270000000
C_NE,K_FINANCIAL,A18,1270000000
C_NE,K_FINANCIAL,A25,1270000000
C_NE,K_FINANCIAL,A35,1270000000
C_NE,K_FINANCIAL,A50,1270000000
C_NE,K_FINANCIAL,A65,1270000000
C_NE,L_REAL_ESTATE,A16,1270000000
C_NE,L_REAL_ESTATE,A18,1270000000
C_NE,L_REAL_ESTATE,A25,1270000000
C_NE,L_REAL_ESTATE,A35,1270000000
C_NE,L_REAL_ESTATE,A50,1270000000
C_NE,L_REAL_ESTATE,A65,1270000000
C_NE,M_PROFESSIONAL,A16,1270000000
C_NE,M_PROFESSIONAL,A18,1270000000
C_NE,M_PROFESSIONAL,A25,1270000000
C_NE,M_PROFESSIONAL,A35,1270000000
C_NE,M_PROFESSIONAL,A50,1270000000
C_NE,M_PROFESSIONAL,A65,1270000000
C_NE,N_ADMINISTRATIVE,A16,1270000000
C_NE,N_ADMINISTRATIVE,A18,1270000000
C_NE,N_ADMINISTRATIVE,A25,1270000000
C_NE,N_ADMINISTRATIVE,A35,1270000000
C_NE,N_ADMINISTRATIVE,A50,1270000000
C_NE,N_ADMINISTRATIVE,A65,1270000000
C_NE,O_PUBLIC,A16,1270000000
C_NE,O_PUBLIC,A18,1270000000
C_NE,O_PUBLIC,A25,1270000000
C_NE,O_PUBLIC,A35,1270000000
C_NE,O_PUBLIC,A50,1270000000
C_NE,O_PUBLIC,A65,1270000000
C_NE,P_EDUCATION,A16,1270000000
C_NE,P_EDUCATION,A18,1270000000
C_NE,P_EDUCATION,A25,1270000000
C_NE,P_EDUCATION,A35,1270000000
C_NE,P_EDUCATION,A50,1270000000
C_NE,P_EDUCATION,A65,1270000000
C_NE,Q_HEALTH,A16,1270000000
C_NE,Q_HEALTH,A18,1270000000
C_NE,Q_HEALTH,A25,1270000000
C_NE,Q_HEALTH,A35,1270000000
C_NE,Q_HEALTH,A50,1270000000
C_NE,Q_HEALTH,A65,1270000000
C_NE,R_ARTS,A16,1270000000
C_NE,R_ARTS,A18,1270000000
C_NE,R_ARTS,A25,1270000000
C_NE,R_ARTS,A35,1270000000
C_NE,R_ARTS,A50,1270000000
C_NE,R_ARTS,A65,1270000000
C_NE,S_OTHER,A16,1270000000
C_NE,S_OTHER,A18,1270000000
C_NE,S_OTHER,A25,1270000000
C_NE,S_OTHER,A35,1270000000
C_NE,S_OTHER,A50,1270000000
C_NE,S_OTHER,A65,1270000000
C_NE,T_HOUSEHOLD,A16,1270000000
C_NE,T_HOUSEHOLD,A18,1270000000
C_NE,T_HOUSEHOLD,A25,1270000000
C_NE,T_HOUSEHOLD,A35,1270000000
C_NE,T_HOUSEHOLD,A50,1270000000
C_NE,T_HOUSEHOLD,A65,1270000000
D_NW,A_AGRICULTURE,A16,1270000000
D_NW,A_AGRICULTURE,A18,1270000000
D_NW,A_AGRICULTURE,A25,1270000000
D_NW,A_AGRICULTURE,A35,1270000000
D_NW,A_AGRICULTURE,A50,1270000000
D_NW,A_AGRICULTURE,A65,1270000000
D_NW,B_MINING,A16,1270000000
D_NW,B_MINING,A18,1270000000
D_NW,B_MINING,A25,1270000000
D_NW,B_MINING,A35,1270000000
D_NW,B_MINING,A50,1270000000
D_NW,B_MINING,A65,1270000000
D_NW,C_MANUFACTURING,A16,1270000000
D_NW,C_MANUFACTURING,A18,1270000000
D_NW,C_MANUFACTURING,A25,1270000000
D_NW,C_MANUFACTURING,A35,1270000000
D_NW,C_MANUFACTURING,A50,1270000000
D_NW,C_MANUFACTURING,A65,1270000000
D_NW,D_ELECTRICITY,A16,1270000000
D_NW,D_ELECTRICITY,A18,1270000000
D_NW,D_ELECTRICITY,A25,1270000000
D_NW,D_ELECTRICITY,A35,1270000000
D_NW,D_ELECTRICITY,A50,1270000000
D_NW,D_ELECTRICITY,A65,1270000000
D_NW,E_WATER,A16,1270000000
D_NW,E_WATER,A18,1270000000
D_NW,E_WATER,A25,1270000000
D_NW,E_WATER,A35,1270000000
D_NW,E_WATER,A50,1270000000
D_NW,E_WATER,A65,1270000000
D_NW,F_CONSTRUCTION,A16,1270000000
D_NW,F_CONSTRUCTION,A18,1270000000
D_NW,F_CONSTRUCTION,A25,1270000000
D_NW,F_CONSTRUCTION,A35,1270000000
D_NW,F_CONSTRUCTION,A50,1270000000
D_NW,F_CONSTRUCTION,A65,1270000000
D_NW,G_TRADE,A16,1270000000
D_NW,G_TRADE,A18,1270000000
D_NW,G_TRADE,A25,1270000000
D_NW,G_TRADE,A35,1270000000
D_NW,G_TRADE,A50,1270000000
D_NW,G_TRADE,A65,1270000000
D_NW,H_TRANSPORT,A16,1270000000
D_NW,H_TRANSPORT,A18,1270000000
D_NW,H_TRANSPORT,A25,1270000000
D_NW,H_TRANSPORT,A35,1270000000
D_NW,H_TRANSPORT,A50,1270000000
D_NW,H_TRANSPORT,A65,1270000000
D_NW,I_ACCOMODATION,A16,1270000000
D_NW,I_ACCOMODATION,A18,1270000000
D_NW,I_ACCOMODATION,A25,1270000000
D_NW,I_ACCOMODATION,A35,1270000000
D_NW,I_ACCOMODATION,A50,1270000000
D_NW,I_ACCOMODATION,A65,1270000000
D_NW,J_COMMUNICATION,A16,1270000000
D_NW,J_COMMUNICATION,A18,1270000000
D_NW,J_COMMUNICATION,A25,1270000000
D_NW,J_COMMUNICATION,A35,1270000000
D_NW,J_COMMUNICATION,A50,1270000000
D_NW,J_COMMUNICATION,A65,1270000000
D_NW,K_FINANCIAL,A16,1270000000
D_NW,K_FINANCIAL,A18,1270000000
D_NW,K_FINANCIAL,A25,1270000000
D_NW,K_FINANCIAL,A35,1270000000
D_NW,K_FINANCIAL,A50,1270000000
D_NW,K_FINANCIAL,A65,1270000000
D_NW,L_REAL_ESTATE,A16,1270000000
D_NW,L_REAL_ESTATE,A18,1270000000
D_NW,L_REAL_ESTATE,A25,1270000000
D_NW,L_REAL_ESTATE,A35,1270000000
D_NW,L_REAL_ESTATE,A50,1270000000
D_NW,L_REAL_ESTATE,A65,1270000000
D_NW,M_PROFESSIONAL,A16,1270000000
D_NW,M_PROFESSIONAL,A18,1270000000
D_NW,M_PROFESSIONAL,A25,1270000000
D_NW,M_PROFESSIONAL,A35,1270000000
D_NW,M_PROFESSIONAL,A50,1270000000
D_NW,M_PROFESSIONAL,A65,1270000000
D_NW,N_ADMINISTRATIVE,A16,1270000000
D_NW,N_ADMINISTRATIVE,A18,1270000000
D_NW,N_ADMINISTRATIVE,A25,1270000000
D_NW,N_ADMINISTRATIVE,A35,1270000000
D_NW,N_ADMINISTRATIVE,A50,1270000000
D_NW,N_ADMINISTRATIVE,A65,1270000000
D_NW,O_PUBLIC,A16,1270000000
D_NW,O_PUBLIC,A18,1270000000
D_NW,O_PUBLIC,A25,1270000000
D_NW,O_PUBLIC,A35,1270000000
D_NW,O_PUBLIC,A50,1270000000
D_NW,O_PUBLIC,A65,1270000000
D_NW,P_EDUCATION,A16,1270000000
D_NW,P_EDUCATION,A18,1270000000
D_NW,P_EDUCATION,A25,1270000000
D_NW,P_EDUCATION,A35,1270000000
D_NW,P_EDUCATION,A50,1270000000
D_NW,P_EDUCATION,A65,1270000000
D_NW,Q_HEALTH,A16,1270000000
D_NW,Q_HEALTH,A18,1270000000
D_NW,Q_HEALTH,A25,1270000000
D_NW,Q_HEALTH,A35,1270000000
D_NW,Q_HEALTH,A50,1270000000
D_NW,Q_HEALTH,A65,1270000000
D_NW,R_ARTS,A16,1270000000
D_NW,R_ARTS,A18,1270000000
D_NW,R_ARTS,A25,1270000000
D_NW,R_ARTS,A35,1270000000
D_NW,R_ARTS,A50,1270000000
D_NW,R_ARTS,A65,1270000000
D_NW,S_OTHER,A16,1270000000
D_NW,S_OTHER,A18,1270000000
D_NW,S_OTHER,A25,1270000000
D_NW,S_OTHER,A35,1270000000
D_NW,S_OTHER,A50,1270000000
D_NW,S_OTHER,A65,1270000000
D_NW,T_HOUSEHOLD,A16,1270000000
D_NW,T_HOUSEHOLD,A18,1270000000
D_NW,T_HOUSEHOLD,A25,1270000000
D_NW,T_HOUSEHOLD,A35,1270000000
D_NW,T_HOUSEHOLD,A50,1270000000
D_NW,T_HOUSEHOLD,A65,1270000000
E_YORKSHIRE,A_AGRICULTURE,A16,1270000000
E_YORKSHIRE,A_AGRICULTURE,A18,1270000000
E_YORKSHIRE,A_AGRICULTURE,A25,1270000000
E_YORKSHIRE,A_AGRICULTURE,A35,1270000000
E_YORKSHIRE,A_AGRICULTURE,A50,1270000000
E_YORKSHIRE,A_AGRICULTURE,A65,1270000000
E_YORKSHIRE,B_MINING,A16,1270000000
E_YORKSHIRE,B_MINING,A18,1270000000
E_YORKSHIRE,B_MINING,A25,1270000000
E_YORKSHIRE,B_MINING,A35,1270000000
E_YORKSHIRE,B_MINING,A50,1270000000
E_YORKSHIRE,B_MINING,A65,1270000000
E_YORKSHIRE,C_MANUFACTURING,A16,1270000000
E_YORKSHIRE,C_MANUFACTURING,A18,1270000000
E_YORKSHIRE,C_MANUFACTURING,A25,1270000000
E_YORKSHIRE,C_MANUFACTURING,A35,1270000000
E_YORKSHIRE,C_MANUFACTURING,A50,1270000000
E_YORKSHIRE,C_MANUFACTURING,A65,1270000000
E_YORKSHIRE,D_ELECTRICITY,A16,1270000000
E_YORKSHIRE,D_ELECTRICITY,A18,1270000000
E_YORKSHIRE,D_ELECTRICITY,A25,1270000000
E_YORKSHIRE,D_ELECTRICITY,A35,1270000000
E_YORKSHIRE,D_ELECTRICITY,A50,1270000000
E_YORKSHIRE,D_ELECTRICITY,A65,1270000000
E_YORKSHIRE,E_WATER,A16,1270000000
E_YORKSHIRE,E_WATER,A18,1270000000
E_YORKSHIRE,E_WATER,A25,1270000000
E_YORKSHIRE,E_WATER,A35,1270000000
E_YORKSHIRE,E_WATER,A50,1270000000
E_YORKSHIRE,E_WATER,A65,1270000000
E_YORKSHIRE,F_CONSTRUCTION,A16,1270000000
E_YORKSHIRE,F_CONSTRUCTION,A18,1270000000
E_YORKSHIRE,F_CONSTRUCTION,A25,1270000000
E_YORKSHIRE,F_CONSTRUCTION,A35,1270000000
E_YORKSHIRE,F_CONSTRUCTION,A50,1270000000
E_YORKSHIRE,F_CONSTRUCTION,A65,1270000000
E_YORKSHIRE,G_TRADE,A16,1270000000
E_YORKSHIRE,G_TRADE,A18,1270000000
E_YORKSHIRE,G_TRADE,A25,1270000000
E_YORKSHIRE,G_TRADE,A35,1270000000
E_YORKSHIRE,G_TRADE,A50,1270000000
E_YORKSHIRE,G_TRADE,A65,1270000000
E_YORKSHIRE,H_TRANSPORT,A16,1270000000
E_YORKSHIRE,H_TRANSPORT,A18,1270000000
E_YORKSHIRE,H_TRANSPORT,A25,1270000000
E_YORKSHIRE,H_TRANSPORT,A35,1270000000
E_YORKSHIRE,H_TRANSPORT,A50,1270000000
E_YORKSHIRE,H_TRANSPORT,A65,1270000000
E_YORKSHIRE,I_ACCOMODATION,A16,1270000000
E_YORKSHIRE,I_ACCOMODATION,A18,1270000000
E_YORKSHIRE,I_ACCOMODATION,A25,1270000000
E_YORKSHIRE,I_ACCOMODATION,A35,1270000000
E_YORKSHIRE,I_ACCOMODATION,A50,1270000000
E_YORKSHIRE,I_ACCOMODATION,A65,1270000000
E_YORKSHIRE,J_COMMUNICATION,A16,1270000000
E_YORKSHIRE,J_COMMUNICATION,A18,1270000000
E_YORKSHIRE,J_COMMUNICATION,A25,1270000000
E_YORKSHIRE,J_COMMUNICATION,A35,1270000000
E_YORKSHIRE,J_COMMUNICATION,A50,1270000000
E_YORKSHIRE,J_COMMUNICATION,A65,1270000000
E_YORKSHIRE,K_FINANCIAL,A16,1270000000
E_YORKSHIRE,K_FINANCIAL,A18,1270000000
E_YORKSHIRE,K_FINANCIAL,A25,1270000000
E_YORKSHIRE,K_FINANCIAL,A35,1270000000
E_YORKSHIRE,K_FINANCIAL,A50,1270000000
E_YORKSHIRE,K_FINANCIAL,A65,1270000000
E_YORKSHIRE,L_REAL_ESTATE,A16,1270000000
E_YORKSHIRE,L_REAL_ESTATE,A18,1270000000
E_YORKSHIRE,L_REAL_ESTATE,A25,1270000000
E_YORKSHIRE,L_REAL_ESTATE,A35,1270000000
E_YORKSHIRE,L_REAL_ESTATE,A50,1270000000
E_YORKSHIRE,L_REAL_ESTATE,A65,1270000000
E_YORKSHIRE,M_PROFESSIONAL,A16,1270000000
E_YORKSHIRE,M_PROFESSIONAL,A18,1270000000
E_YORKSHIRE,M_PROFESSIONAL,A25,1270000000
E_YORKSHIRE,M_PROFESSIONAL,A35,1270000000
E_YORKSHIRE,M_PROFESSIONAL,A50,1270000000
E_YORKSHIRE,M_PROFESSIONAL,A65,1270000000
E_YORKSHIRE,N_ADMINISTRATIVE,A16,1270000000
E_YORKSHIRE,N_ADMINISTRATIVE,A18,1270000000
E_YORKSHIRE,N_ADMINISTRATIVE,A25,1270000000
E_YORKSHIRE,N_ADMINISTRATIVE,A35,1270000000
E_YORKSHIRE,N_ADMINISTRATIVE,A50,1270000000
E_YORKSHIRE,N_ADMINISTRATIVE,A65,1270000000
E_YORKSHIRE,O_PUBLIC,A16,1270000000
E_YORKSHIRE,O_PUBLIC,A18,1270000000
E_YORKSHIRE,O_PUBLIC,A25,1270000000
E_YORKSHIRE,O_PUBLIC,A35,1270000000
E_YORKSHIRE,O_PUBLIC,A50,1270000000
E_YORKSHIRE,O_PUBLIC,A65,1270000000
E_YORKSHIRE,P_EDUCATION,A16,1270000000
E_YORKSHIRE,P_EDUCATION,A18,1270000000
E_YORKSHIRE,P_EDUCATION,A25,1270000000
E_YORKSHIRE,P_EDUCATION,A35,1270000000
E_YORKSHIRE,P_EDUCATION,A50,1270000000
E_YORKSHIRE,P_EDUCATION,A65,1270000000
E_YORKSHIRE,Q_HEALTH,A16,1270000000
E_YORKSHIRE,Q_HEALTH,A18,1270000000
E_YORKSHIRE,Q_HEALTH,A25,1270000000
E_YORKSHIRE,Q_HEALTH,A35,1270000000
E_YORKSHIRE,Q_HEALTH,A50,1270000000
E_YORKSHIRE,Q_HEALTH,A65,1270000000
E_YORKSHIRE,R_ARTS,A16,1270000000
E_YORKSHIRE,R_ARTS,A18,1270000000
E_YORKSHIRE,R_ARTS,A25,1270000000
E_YORKSHIRE,R_ARTS,A35,1270000000
E_YORKSHIRE,R_ARTS,A50,1270000000
E_YORKSHIRE,R_ARTS,A65,1270000000
E_YORKSHIRE,S_OTHER,A16,1270000000
E_YORKSHIRE,S_OTHER,A18,1270000000
E_YORKSHIRE,S_OTHER,A25,1270000000
E_YORKSHIRE,S_OTHER,A35,1270000000
E_YORKSHIRE,S_OTHER,A50,1270000000
E_YORKSHIRE,S_OTHER,A65,1270000000
E_YORKSHIRE,T_HOUSEHOLD,A16,1270000000
E_YORKSHIRE,T_HOUSEHOLD,A18,1270000000
E_YORKSHIRE,T_HOUSEHOLD,A25,1270000000
E_YORKSHIRE,T_HOUSEHOLD,A35,1270000000
E_YORKSHIRE,T_HOUSEHOLD,A50,1270000000
E_YORKSHIRE,T_HOUSEHOLD,A65,1270000000
F_EM,A_AGRICULTURE,A16,1270000000
F_EM,A_AGRICULTURE,A18,1270000000
F_EM,A_AGRICULTURE,A25,1270000000
F_EM,A_AGRICULTURE,A35,1270000000
F_EM,A_AGRICULTURE,A50,1270000000
F_EM,A_AGRICULTURE,A65,1270000000
F_EM,B_MINING,A16,1270000000
F_EM,B_MINING,A18,1270000000
F_EM,B_MINING,A25,1270000000
F_EM,B_MINING,A35,1270000000
F_EM,B_MINING,A50,1270000000
F_EM,B_MINING,A65,1270000000
F_EM,C_MANUFACTURING,A16,1270000000
F_EM,C_MANUFACTURING,A18,1270000000
F_EM,C_MANUFACTURING,A25,1270000000
F_EM,C_MANUFACTURING,A35,1270000000
F_EM,C_MANUFACTURING,A50,1270000000
F_EM,C_MANUFACTURING,A65,1270000000
F_EM,D_ELECTRICITY,A16,1270000000
F_EM,D_ELECTRICITY,A18,1270000000
F_EM,D_ELECTRICITY,A25,1270000000
F_EM,D_ELECTRICITY,A35,1270000000
F_EM,D_ELECTRICITY,A50,1270000000
F_EM,D_ELECTRICITY,A65,1270000000
F_EM,E_WATER,A16,1270000000
F_EM,E_WATER,A18,1270000000
F_EM,E_WATER,A25,1270000000
F_EM,E_WATER,A35,1270000000
F_EM,E_WATER,A50,1270000000
F_EM,E_WATER,A65,1270000000
F_EM,F_CONSTRUCTION,A16,1270000000
F_EM,F_CONSTRUCTION,A18,1270000000
F_EM,F_CONSTRUCTION,A25,1270000000
F_EM,F_CONSTRUCTION,A35,1270000000
F_EM,F_CONSTRUCTION,A50,1270000000
F_EM,F_CONSTRUCTION,A65,1270000000
F_EM,G_TRADE,A16,1270000000
F_EM,G_TRADE,A18,1270000000
F_EM,G_TRADE,A25,1270000000
F_EM,G_TRADE,A35,1270000000
F_EM,G_TRADE,A50,1270000000
F_EM,G_TRADE,A65,1270000000
F_EM,H_TRANSPORT,A16,1270000000
F_EM,H_TRANSPORT,A18,1270000000
F_EM,H_TRANSPORT,A25,1270000000
F_EM,H_TRANSPORT,A35,1270000000
F_EM,H_TRANSPORT,A50,1270000000
F_EM,H_TRANSPORT,A65,1270000000
F_EM,I_ACCOMODATION,A16,1270000000
F_EM,I_ACCOMODATION,A18,1270000000
F_EM,I_ACCOMODATION,A25,1270000000
F_EM,I_ACCOMODATION,A35,1270000000
F_EM,I_ACCOMODATION,A50,1270000000
F_EM,I_ACCOMODATION,A65,1270000000
F_EM,J_COMMUNICATION,A16,1270000000
F_EM,J_COMMUNICATION,A18,1270000000
F_EM,J_COMMUNICATION,A25,1270000000
F_EM,J_COMMUNICATION,A35,1270000000
F_EM,J_COMMUNICATION,A50,1270000000
F_EM,J_COMMUNICATION,A65,1270000000
F_EM,K_FINANCIAL,A16,1270000000
F_EM,K_FINANCIAL,A18,1270000000
F_EM,K_FINANCIAL,A25,1270000000
F_EM,K_FINANCIAL,A35,1270000000
F_EM,K_FINANCIAL,A50,1270000000
F_EM,K_FINANCIAL,A65,1270000000
F_EM,L_REAL_ESTATE,A16,1270000000
F_EM,L_REAL_ESTATE,A18,1270000000
F_EM,L_REAL_ESTATE,A25,1270000000
F_EM,L_REAL_ESTATE,A35,1270000000
F_EM,L_REAL_ESTATE,A50,1270000000
F_EM,L_REAL_ESTATE,A65,1270000000
F_EM,M_PROFESSIONAL,A16,1270000000
F_EM,M_PROFESSIONAL,A18,1270000000
F_EM,M_PROFESSIONAL,A25,1270000000
F_EM,M_PROFESSIONAL,A35,1270000000
F_EM,M_PROFESSIONAL,A50,1270000000
F_EM,M_PROFESSIONAL,A65,1270000000
F_EM,N_ADMINISTRATIVE,A16,1270000000
F_EM,N_ADMINISTRATIVE,A18,1270000000
F_EM,N_ADMINISTRATIVE,A25,1270000000
F_EM,N_ADMINISTRATIVE,A35,1270000000
F_EM,N_ADMINISTRATIVE,A50,1270000000
F_EM,N_ADMINISTRATIVE,A65,1270000000
F_EM,O_PUBLIC,A16,1270000000
F_EM,O_PUBLIC,A18,1270000000
F_EM,O_PUBLIC,A25,1270000000
F_EM,O_PUBLIC,A35,1270000000
F_EM,O_PUBLIC,A50,1270000000
F_EM,O_PUBLIC,A65,1270000000
F_EM,P_EDUCATION,A16,1270000000
F_EM,P_EDUCATION,A18,1270000000
F_EM,P_EDUCATION,A25,1270000000
F_EM,P_EDUCATION,A35,1270000000
F_EM,P_EDUCATION,A50,1270000000
F_EM,P_EDUCATION,A65,1270000000
F_EM,Q_HEALTH,A16,1270000000
F_EM,Q_HEALTH,A18,1270000000
F_EM,Q_HEALTH,A25,1270000000
F_EM,Q_HEALTH,A35,1270000000
F_EM,Q_HEALTH,A50,1270000000
F_EM,Q_HEALTH,A65,1270000000
F_EM,R_ARTS,A16,1270000000
F_EM,R_ARTS,A18,1270000000
F_EM,R_ARTS,A25,1270000000
F_EM,R_ARTS,A35,1270000000
F_EM,R_ARTS,A50,1270000000
F_EM,R_ARTS,A65,1270000000
F_EM,S_OTHER,A16,1270000000
F_EM,S_OTHER,A18,1270000000
F_EM,S_OTHER,A25,1270000000
F_EM,S_OTHER,A35,1270000000
F_EM,S_OTHER,A50,1270000000
F_EM,S_OTHER,A65,1270000000
F_EM,T_HOUSEHOLD,A16,1270000000
F_EM,T_HOUSEHOLD,A18,1270000000
F_EM,T_HOUSEHOLD,A25,1270000000
F_EM,T_HOUSEHOLD,A35,1270000000
F_EM,T_HOUSEHOLD,A50,1270000000
F_EM,T_HOUSEHOLD,A65,1270000000
G_WM,A_AGRICULTURE,A16,1270000000
G_WM,A_AGRICULTURE,A18,1270000000
G_WM,A_AGRICULTURE,A25,1270000000
G_WM,A_AGRICULTURE,A35,1270000000
G_WM,A_AGRICULTURE,A50,1270000000
G_WM,A_AGRICULTURE,A65,1270000000
G_WM,B_MINING,A16,1270000000
G_WM,B_MINING,A18,1270000000
G_WM,B_MINING,A25,1270000000
G_WM,B_MINING,A35,1270000000
G_WM,B_MINING,A50,1270000000
G_WM,B_MINING,A65,1270000000
G_WM,C_MANUFACTURING,A16,1270000000
G_WM,C_MANUFACTURING,A18,1270000000
G_WM,C_MANUFACTURING,A25,1270000000
G_WM,C_MANUFACTURING,A35,1270000000
G_WM,C_MANUFACTURING,A50,1270000000
G_WM,C_MANUFACTURING,A65,1270000000
G_WM,D_ELECTRICITY,A16,1270000000
G_WM,D_ELECTRICITY,A18,1270000000
G_WM,D_ELECTRICITY,A25,1270000000
G_WM,D_ELECTRICITY,A35,1270000000
G_WM,D_ELECTRICITY,A50,1270000000
G_WM,D_ELECTRICITY,A65,1270000000
G_WM,E_WATER,A16,1270000000
G_WM,E_WATER,A18,1270000000
G_WM,E_WATER,A25,1270000000
G_WM,E_WATER,A35,1270000000
G_WM,E_WATER,A50,1270000000
G_WM,E_WATER,A65,1270000000
G_WM,F_CONSTRUCTION,A16,1270000000
G_WM,F_CONSTRUCTION,A18,1270000000
G_WM,F_CONSTRUCTION,A25,1270000000
G_WM,F_CONSTRUCTION,A35,1270000000
G_WM,F_CONSTRUCTION,A50,1270000000
G_WM,F_CONSTRUCTION,A65,1270000000
G_WM,G_TRADE,A16,1270000000
G_WM,G_TRADE,A18,1270000000
G_WM,G_TRADE,A25,1270000000
G_WM,G_TRADE,A35,1270000000
G_WM,G_TRADE,A50,1270000000
G_WM,G_TRADE,A65,1270000000
G_WM,H_TRANSPORT,A16,1270000000
G_WM,H_TRANSPORT,A18,1270000000
G_WM,H_TRANSPORT,A25,1270000000
G_WM,H_TRANSPORT,A35,1270000000
G_WM,H_TRANSPORT,A50,1270000000
G_WM,H_TRANSPORT,A65,1270000000
G_WM,I_ACCOMODATION,A16,1270000000
G_WM,I_ACCOMODATION,A18,1270000000
G_WM,I_ACCOMODATION,A25,1270000000
G_WM,I_ACCOMODATION,A35,1270000000
G_WM,I_ACCOMODATION,A50,1270000000
G_WM,I_ACCOMODATION,A65,1270000000
G_WM,J_COMMUNICATION,A16,1270000000
G_WM,J_COMMUNICATION,A18,1270000000
G_WM,J_COMMUNICATION,A25,1270000000
G_WM,J_COMMUNICATION,A35,1270000000
G_WM,J_COMMUNICATION,A50,1270000000
G_WM,J_COMMUNICATION,A65,1270000000
G_WM,K_FINANCIAL,A16,1270000000
G_WM,K_FINANCIAL,A18,1270000000
G_WM,K_FINANCIAL,A25,1270000000
G_WM,K_FINANCIAL,A35,1270000000
G_WM,K_FINANCIAL,A50,1270000000
G_WM,K_FINANCIAL,A65,1270000000
G_WM,L_REAL_ESTATE,A16,1270000000
G_WM,L_REAL_ESTATE,A18,1270000000
G_WM,L_REAL_ESTATE,A25,1270000000
G_WM,L_REAL_ESTATE,A35,1270000000
G_WM,L_REAL_ESTATE,A50,1270000000
G_WM,L_REAL_ESTATE,A65,1270000000
G_WM,M_PROFESSIONAL,A16,1270000000
G_WM,M_PROFESSIONAL,A18,1270000000
G_WM,M_PROFESSIONAL,A25,1270000000
G_WM,M_PROFESSIONAL,A35,1270000000
G_WM,M_PROFESSIONAL,A50,1270000000
G_WM,M_PROFESSIONAL,A65,1270000000
G_WM,N_ADMINISTRATIVE,A16,1270000000
G_WM,N_ADMINISTRATIVE,A18,1270000000
G_WM,N_ADMINISTRATIVE,A25,1270000000
G_WM,N_ADMINISTRATIVE,A35,1270000000
G_WM,N_ADMINISTRATIVE,A50,1270000000
G_WM,N_ADMINISTRATIVE,A65,1270000000
G_WM,O_PUBLIC,A16,1270000000
G_WM,O_PUBLIC,A18,1270000000
G_WM,O_PUBLIC,A25,1270000000
G_WM,O_PUBLIC,A35,1270000000
G_WM,O_PUBLIC,A50,1270000000
G_WM,O_PUBLIC,A65,1270000000
G_WM,P_EDUCATION,A16,1270000000
G_WM,P_EDUCATION,A18,1270000000
G_WM,P_EDUCATION,A25,1270000000
G_WM,P_EDUCATION,A35,1270000000
G_WM,P_EDUCATION,A50,1270000000
G_WM,P_EDUCATION,A65,1270000000
G_WM,Q_HEALTH,A16,1270000000
G_WM,Q_HEALTH,A18,1270000000
G_WM,Q_HEALTH,A25,1270000000
G_WM,Q_HEALTH,A35,1270000000
G_WM,Q_HEALTH,A50,1270000000
G_WM,Q_HEALTH,A65,1270000000
G_WM,R_ARTS,A16,1270000000
G_WM,R_ARTS,A18,1270000000
G_WM,R_ARTS,A25,1270000000
G_WM,R_ARTS,A35,1270000000
G_WM,R_ARTS,A50,1270000000
G_WM,R_ARTS,A65,1270000000
G_WM,S_OTHER,A16,1270000000
G_WM,S_OTHER,A18,1270000000
G_WM,S_OTHER,A25,1270000000
G_WM,S_OTHER,A35,1270000000
G_WM,S_OTHER,A50,1270000000
G_WM,S_OTHER,A65,1270000000
G_WM,T_HOUSEHOLD,A16,1270000000
G_WM,T_HOUSEHOLD,A18,1270000000
G_WM,T_HOUSEHOLD,A25,1270000000
G_WM,T_HOUSEHOLD,A35,1270000000
G_WM,T_HOUSEHOLD,A50,1270000000
G_WM,T_HOUSEHOLD,A65,1270000000
H_E,A_AGRICULTURE,A16,1270000000
H_E,A_AGRICULTURE,A18,1270000000
H_E,A_AGRICULTURE,A25,1270000000
H_E,A_AGRICULTURE,A35,1270000000
H_E,A_AGRICULTURE,A50,1270000000
H_E,A_AGRICULTURE,A65,1270000000
H_E,B_MINING,A16,1270000000
H_E,B_MINING,A18,1270000000
H_E,B_MINING,A25,1270000000
H_E,B_MINING,A35,1270000000
H_E,B_MINING,A50,1270000000
H_E,B_MINING,A65,1270000000
H_E,C_MANUFACTURING,A16,1270000000
H_E,C_MANUFACTURING,A18,1270000000
H_E,C_MANUFACTURING,A25,1270000000
H_E,C_MANUFACTURING,A35,1270000000
H_E,C_MANUFACTURING,A50,1270000000
H_E,C_MANUFACTURING,A65,1270000000
H_E,D_ELECTRICITY,A16,1270000000
H_E,D_ELECTRICITY,A18,1270000000
H_E,D_ELECTRICITY,A25,1270000000
H_E,D_ELECTRICITY,A35,1270000000
H_E,D_ELECTRICITY,A50,1270000000
H_E,D_ELECTRICITY,A65,1270000000
H_E,E_WATER,A16,1270000000
H_E,E_WATER,A18,1270000000
H_E,E_WATER,A25,1270000000
H_E,E_WATER,A35,1270000000
H_E,E_WATER,A50,1270000000
H_E,E_WATER,A65,1270000000
H_E,F_CONSTRUCTION,A16,1270000000
H_E,F_CONSTRUCTION,A18,1270000000
H_E,F_CONSTRUCTION,A25,1270000000
H_E,F_CONSTRUCTION,A35,1270000000
H_E,F_CONSTRUCTION,A50,1270000000
H_E,F_CONSTRUCTION,A65,1270000000
H_E,G_TRADE,A16,1270000000
H_E,G_TRADE,A18,1270000000
H_E,G_TRADE,A25,1270000000
H_E,G_TRADE,A35,1270000000
H_E,G_TRADE,A50,1270000000
H_E,G_TRADE,A65,1270000000
H_E,H_TRANSPORT,A16,1270000000
H_E,H_TRANSPORT,A18,1270000000
H_E,H_TRANSPORT,A25,1270000000
H_E,H_TRANSPORT,A35,1270000000
H_E,H_TRANSPORT,A50,1270000000
H_E,H_TRANSPORT,A65,1270000000
H_E,I_ACCOMODATION,A16,1270000000
H_E,I_ACCOMODATION,A18,1270000000
H_E,I_ACCOMODATION,A25,1270000000
H_E,I_ACCOMODATION,A35,1270000000
H_E,I_ACCOMODATION,A50,1270000000
H_E,I_ACCOMODATION,A65,1270000000
H_E,J_COMMUNICATION,A16,1270000000
H_E,J_COMMUNICATION,A18,1270000000
H_E,J_COMMUNICATION,A25,1270000000
H_E,J_COMMUNICATION,A35,1270000000
H_E,J_COMMUNICATION,A50,1270000000
H_E,J_COMMUNICATION,A65,1270000000
H_E,K_FINANCIAL,A16,1270000000
H_E,K_FINANCIAL,A18,1270000000
H_E,K_FINANCIAL,A25,1270000000
H_E,K_FINANCIAL,A35,1270000000
H_E,K_FINANCIAL,A50,1270000000
H_E,K_FINANCIAL,A65,1270000000
H_E,L_REAL_ESTATE,A16,1270000000
H_E,L_REAL_ESTATE,A18,1270000000
H_E,L_REAL_ESTATE,A25,1270000000
H_E,L_REAL_ESTATE,A35,1270000000
H_E,L_REAL_ESTATE,A50,1270000000
H_E,L_REAL_ESTATE,A65,1270000000
H_E,M_PROFESSIONAL,A16,1270000000
H_E,M_PROFESSIONAL,A18,1270000000
H_E,M_PROFESSIONAL,A25,1270000000
H_E,M_PROFESSIONAL,A35,1270000000
H_E,M_PROFESSIONAL,A50,1270000000
H_E,M_PROFESSIONAL,A65,1270000000
H_E,N_ADMINISTRATIVE,A16,1270000000
H_E,N_ADMINISTRATIVE,A18,1270000000
H_E,N_ADMINISTRATIVE,A25,1270000000
H_E,N_ADMINISTRATIVE,A35,1270000000
H_E,N_ADMINISTRATIVE,A50,1270000000
H_E,N_ADMINISTRATIVE,A65,1270000000
H_E,O_PUBLIC,A16,1270000000
H_E,O_PUBLIC,A18,1270000000
H_E,O_PUBLIC,A25,1270000000
H_E,O_PUBLIC,A35,1270000000
H_E,O_PUBLIC,A50,1270000000
H_E,O_PUBLIC,A65,1270000000
H_E,P_EDUCATION,A16,1270000000
H_E,P_EDUCATION,A18,1270000000
H_E,P_EDUCATION,A25,1270000000
H_E,P_EDUCATION,A35,1270000000
H_E,P_EDUCATION,A50,1270000000
H_E,P_EDUCATION,A65,1270000000
H_E,Q_HEALTH,A16,1270000000
H_E,Q_HEALTH,A18,1270000000
H_E,Q_HEALTH,A25,1270000000
H_E,Q_HEALTH,A35,1270000000
H_E,Q_HEALTH,A50,1270000000
H_E,Q_HEALTH,A65,1270000000
H_E,R_ARTS,A16,1270000000
H_E,R_ARTS,A18,1270000000
H_E,R_ARTS,A25,1270000000
H_E,R_ARTS,A35,1270000000
H_E,R_ARTS,A50,1270000000
H_E,R_ARTS,A65,1270000000
H_E,S_OTHER,A16,1270000000
H_E,S_OTHER,A18,1270000000
H_E,S_OTHER,A25,1270000000
H_E,S_OTHER,A35,1270000000
H_E,S_OTHER,A50,1270000000
H_E,S_OTHER,A65,1270000000
H_E,T_HOUSEHOLD,A16,1270000000
H_E,T_HOUSEHOLD,A18,1270000000
H_E,T_HOUSEHOLD,A25,1270000000
H_E,T_HOUSEHOLD,A35,1270000000
H_E,T_HOUSEHOLD,A50,1270000000
H_E,T_HOUSEHOLD,A65,1270000000
I_LONDON,A_AGRICULTURE,A16,1270000000
I_LONDON,A_AGRICULTURE,A18,1270000000
I_LONDON,A_AGRICULTURE,A25,1270000000
I_LONDON,A_AGRICULTURE,A35,1270000000
I_LONDON,A_AGRICULTURE,A50,1270000000
I_LONDON,A_AGRICULTURE,A65,1270000000
I_LONDON,B_MINING,A16,1270000000
I_LONDON,B_MINING,A18,1270000000
I_LONDON,B_MINING,A25,1270000000
I_LONDON,B_MINING,A35,1270000000
I_LONDON,B_MINING,A50,1270000000
I_LONDON,B_MINING,A65,1270000000
I_LONDON,C_MANUFACTURING,A16,1270000000
I_LONDON,C_MANUFACTURING,A18,1270000000
I_LONDON,C_MANUFACTURING,A25,1270000000
I_LONDON,C_MANUFACTURING,A35,1270000000
I_LONDON,C_MANUFACTURING,A50,1270000000
I_LONDON,C_MANUFACTURING,A65,1270000000
I_LONDON,D_ELECTRICITY,A16,1270000000
I_LONDON,D_ELECTRICITY,A18,1270000000
I_LONDON,D_ELECTRICITY,A25,1270000000
I_LONDON,D_ELECTRICITY,A35,1270000000
I_LONDON,D_ELECTRICITY,A50,1270000000
I_LONDON,D_ELECTRICITY,A65,1270000000
I_LONDON,E_WATER,A16,1270000000
I_LONDON,E_WATER,A18,1270000000
I_LONDON,E_WATER,A25,1270000000
I_LONDON,E_WATER,A35,1270000000
I_LONDON,E_WATER,A50,1270000000
I_LONDON,E_WATER,A65,1270000000
I_LONDON,F_CONSTRUCTION,A16,1270000000
I_LONDON,F_CONSTRUCTION,A18,1270000000
I_LONDON,F_CONSTRUCTION,A25,1270000000
I_LONDON,F_CONSTRUCTION,A35,1270000000
I_LONDON,F_CONSTRUCTION,A50,1270000000
I_LONDON,F_CONSTRUCTION,A65,1270000000
I_LONDON,G_TRADE,A16,1270000000
I_LONDON,G_TRADE,A18,1270000000
I_LONDON,G_TRADE,A25,1270000000
I_LONDON,G_TRADE,A35,1270000000
I_LONDON,G_TRADE,A50,1270000000
I_LONDON,G_TRADE,A65,1270000000
I_LONDON,H_TRANSPORT,A16,1270000000
I_LONDON,H_TRANSPORT,A18,1270000000
I_LONDON,H_TRANSPORT,A25,1270000000
I_LONDON,H_TRANSPORT,A35,1270000000
I_LONDON,H_TRANSPORT,A50,1270000000
I_LONDON,H_TRANSPORT,A65,1270000000
I_LONDON,I_ACCOMODATION,A16,1270000000
I_LONDON,I_ACCOMODATION,A18,1270000000
I_LONDON,I_ACCOMODATION,A25,1270000000
I_LONDON,I_ACCOMODATION,A35,1270000000
I_LONDON,I_ACCOMODATION,A50,1270000000
I_LONDON,I_ACCOMODATION,A65,1270000000
I_LONDON,J_COMMUNICATION,A16,1270000000
I_LONDON,J_COMMUNICATION,A18,1270000000
I_LONDON,J_COMMUNICATION,A25,1270000000
I_LONDON,J_COMMUNICATION,A35,1270000000
I_LONDON,J_COMMUNICATION,A50,1270000000
I_LONDON,J_COMMUNICATION,A65,1270000000
I_LONDON,K_FINANCIAL,A16,1270000000
I_LONDON,K_FINANCIAL,A18,1270000000
I_LONDON,K_FINANCIAL,A25,1270000000
I_LONDON,K_FINANCIAL,A35,1270000000
I_LONDON,K_FINANCIAL,A50,1270000000
I_LONDON,K_FINANCIAL,A65,1270000000
I_LONDON,L_REAL_ESTATE,A16,1270000000
I_LONDON,L_REAL_ESTATE,A18,1270000000
I_LONDON,L_REAL_ESTATE,A25,1270000000
I_LONDON,L_REAL_ESTATE,A35,1270000000
I_LONDON,L_REAL_ESTATE,A50,1270000000
I_LONDON,L_REAL_ESTATE,A65,1270000000
I_LONDON,M_PROFESSIONAL,A16,1270000000
I_LONDON,M_PROFESSIONAL,A18,1270000000
I_LONDON,M_PROFESSIONAL,A25,1270000000
I_LONDON,M_PROFESSIONAL,A35,1270000000
I_LONDON,M_PROFESSIONAL,A50,1270000000
I_LONDON,M_PROFESSIONAL,A65,1270000000
I_LONDON,N_ADMINISTRATIVE,A16,1270000000
I_LONDON,N_ADMINISTRATIVE,A18,1270000000
I_LONDON,N_ADMINISTRATIVE,A25,1270000000
I_LONDON,N_ADMINISTRATIVE,A35,1270000000
I_LONDON,N_ADMINISTRATIVE,A50,1270000000
I_LONDON,N_ADMINISTRATIVE,A65,1270000000
I_LONDON,O_PUBLIC,A16,1270000000
I_LONDON,O_PUBLIC,A18,1270000000
I_LONDON,O_PUBLIC,A25,1270000000
I_LONDON,O_PUBLIC,A35,1270000000
I_LONDON,O_PUBLIC,A50,1270000000
I_LONDON,O_PUBLIC,A65,1270000000
I_LONDON,P_EDUCATION,A16,1270000000
I_LONDON,P_EDUCATION,A18,1270000000
I_LONDON,P_EDUCATION,A25,1270000000
I_LONDON,P_EDUCATION,A35,1270000000
I_LONDON,P_EDUCATION,A50,1270000000
I_LONDON,P_EDUCATION,A65,1270000000
I_LONDON,Q_HEALTH,A16,1270000000
I_LONDON,Q_HEALTH,A18,1270000000
I_LONDON,Q_HEALTH,A25,1270000000
I_LONDON,Q_HEALTH,A35,1270000000
I_LONDON,Q_HEALTH,A50,1270000000
I_LONDON,Q_HEALTH,A65,1270000000
I_LONDON,R_ARTS,A16,1270000000
I_LONDON,R_ARTS,A18,1270000000
I_LONDON,R_ARTS,A25,1270000000
I_LONDON,R_ARTS,A35,1270000000
I_LONDON,R_ARTS,A50,1270000000
I_LONDON,R_ARTS,A65,1270000000
I_LONDON,S_OTHER,A16,1270000000
I_LONDON,S_OTHER,A18,1270000000
I_LONDON,S_OTHER,A25,1270000000
I_LONDON,S_OTHER,A35,1270000000
I_LONDON,S_OTHER,A50,1270000000
I_LONDON,S_OTHER,A65,1270000000
I_LONDON,T_HOUSEHOLD,A16,1270000000
I_LONDON,T_HOUSEHOLD,A18,1270000000
I_LONDON,T_HOUSEHOLD,A25,1270000000
I_LONDON,T_HOUSEHOLD,A35,1270000000
I_LONDON,T_HOUSEHOLD,A50,1270000000
I_LONDON,T_HOUSEHOLD,A65,1270000000
J_SE,A_AGRICULTURE,A16,1270000000
J_SE,A_AGRICULTURE,A18,1270000000
J_SE,A_AGRICULTURE,A25,1270000000
J_SE,A_AGRICULTURE,A35,1270000000
J_SE,A_AGRICULTURE,A50,1270000000
J_SE,A_AGRICULTURE,A65,1270000000
J_SE,B_MINING,A16,1270000000
J_SE,B_MINING,A18,1270000000
J_SE,B_MINING,A25,1270000000
J_SE,B_MINING,A35,1270000000
J_SE,B_MINING,A50,1270000000
J_SE,B_MINING,A65,1270000000
J_SE,C_MANUFACTURING,A16,1270000000
J_SE,C_MANUFACTURING,A18,1270000000
J_SE,C_MANUFACTURING,A25,1270000000
J_SE,C_MANUFACTURING,A35,1270000000
J_SE,C_MANUFACTURING,A50,1270000000
J_SE,C_MANUFACTURING,A65,1270000000
J_SE,D_ELECTRICITY,A16,1270000000
J_SE,D_ELECTRICITY,A18,1270000000
J_SE,D_ELECTRICITY,A25,1270000000
J_SE,D_ELECTRICITY,A35,1270000000
J_SE,D_ELECTRICITY,A50,1270000000
J_SE,D_ELECTRICITY,A65,1270000000
J_SE,E_WATER,A16,1270000000
J_SE,E_WATER,A18,1270000000
J_SE,E_WATER,A25,1270000000
J_SE,E_WATER,A35,1270000000
J_SE,E_WATER,A50,1270000000
J_SE,E_WATER,A65,1270000000
J_SE,F_CONSTRUCTION,A16,1270000000
J_SE,F_CONSTRUCTION,A18,1270000000
J_SE,F_CONSTRUCTION,A25,1270000000
J_SE,F_CONSTRUCTION,A35,1270000000
J_SE,F_CONSTRUCTION,A50,1270000000
J_SE,F_CONSTRUCTION,A65,1270000000
J_SE,G_TRADE,A16,1270000000
J_SE,G_TRADE,A18,1270000000
J_SE,G_TRADE,A25,1270000000
J_SE,G_TRADE,A35,1270000000
J_SE,G_TRADE,A50,1270000000
J_SE,G_TRADE,A65,1270000000
J_SE,H_TRANSPORT,A16,1270000000
J_SE,H_TRANSPORT,A18,1270000000
J_SE,H_TRANSPORT,A25,1270000000
J_SE,H_TRANSPORT,A35,1270000000
J_SE,H_TRANSPORT,A50,1270000000
J_SE,H_TRANSPORT,A65,1270000000
J_SE,I_ACCOMODATION,A16,1270000000
J_SE,I_ACCOMODATION,A18,1270000000
J_SE,I_ACCOMODATION,A25,1270000000
J_SE,I_ACCOMODATION,A35,1270000000
J_SE,I_ACCOMODATION,A50,1270000000
J_SE,I_ACCOMODATION,A65,1270000000
J_SE,J_COMMUNICATION,A16,1270000000
J_SE,J_COMMUNICATION,A18,1270000000
J_SE,J_COMMUNICATION,A25,1270000000
J_SE,J_COMMUNICATION,A35,1270000000
J_SE,J_COMMUNICATION,A50,1270000000
J_SE,J_COMMUNICATION,A65,1270000000
J_SE,K_FINANCIAL,A16,1270000000
J_SE,K_FINANCIAL,A18,1270000000
J_SE,K_FINANCIAL,A25,1270000000
J_SE,K_FINANCIAL,A35,1270000000
J_SE,K_FINANCIAL,A50,1270000000
J_SE,K_FINANCIAL,A65,1270000000
J_SE,L_REAL_ESTATE,A16,1270000000
J_SE,L_REAL_ESTATE,A18,1270000000
J_SE,L_REAL_ESTATE,A25,1270000000
J_SE,L_REAL_ESTATE,A35,1270000000
J_SE,L_REAL_ESTATE,A50,1270000000
J_SE,L_REAL_ESTATE,A65,1270000000
J_SE,M_PROFESSIONAL,A16,1270000000
J_SE,M_PROFESSIONAL,A18,1270000000
J_SE,M_PROFESSIONAL,A25,1270000000
J_SE,M_PROFESSIONAL,A35,1270000000
J_SE,M_PROFESSIONAL,A50,1270000000
J_SE,M_PROFESSIONAL,A65,1270000000
J_SE,N_ADMINISTRATIVE,A16,1270000000
J_SE,N_ADMINISTRATIVE,A18,1270000000
J_SE,N_ADMINISTRATIVE,A25,1270000000
J_SE,N_ADMINISTRATIVE,A35,1270000000
J_SE,N_ADMINISTRATIVE,A50,1270000000
J_SE,N_ADMINISTRATIVE,A65,1270000000
J_SE,O_PUBLIC,A16,1270000000
J_SE,O_PUBLIC,A18,1270000000
J_SE,O_PUBLIC,A25,1270000000
J_SE,O_PUBLIC,A35,1270000000
J_SE,O_PUBLIC,A50,1270000000
J_SE,O_PUBLIC,A65,1270000000
J_SE,P_EDUCATION,A16,1270000000
J_SE,P_EDUCATION,A18,1270000000
J_SE,P_EDUCATION,A25,1270000000
J_SE,P_EDUCATION,A35,1270000000
J_SE,P_EDUCATION,A50,1270000000
J_SE,P_EDUCATION,A65,1270000000
J_SE,Q_HEALTH,A16,1270000000
J_SE,Q_HEALTH,A18,1270000000
J_SE,Q_HEALTH,A25,1270000000
J_SE,Q_HEALTH,A35,1270000000
J_SE,Q_HEALTH,A50,1270000000
J_SE,Q_HEALTH,A65,1270000000
J_SE,R_ARTS,A16,1270000000
J_SE,R_ARTS,A18,1270000000
J_SE,R_ARTS,A25,1270000000
J_SE,R_ARTS,A35,1270000000
J_SE,R_ARTS,A50,1270000000
J_SE,R_ARTS,A65,1270000000
J_SE,S_OTHER,A16,1270000000
J_SE,S_OTHER,A18,1270000000
J_SE,S_OTHER,A25,1270000000
J_SE,S_OTHER,A35,1270000000
J_SE,S_OTHER,A50,1270000000
J_SE,S_OTHER,A65,1270000000
J_SE,T_HOUSEHOLD,A16,1270000000
J_SE,T_HOUSEHOLD,A18,1270000000
J_SE,T_HOUSEHOLD,A25,1270000000
J_SE,T_HOUSEHOLD,A35,1270000000
J_SE,T_HOUSEHOLD,A50,1270000000
J_SE,T_HOUSEHOLD,A65,1270000000
K_SW,A_AGRICULTURE,A16,1270000000
K_SW,A_AGRICULTURE,A18,1270000000
K_SW,A_AGRICULTURE,A25,1270000000
K_SW,A_AGRICULTURE,A35,1270000000
K_SW,A_AGRICULTURE,A50,1270000000
K_SW,A_AGRICULTURE,A65,1270000000
K_SW,B_MINING,A16,1270000000
K_SW,B_MINING,A18,1270000000
K_SW,B_MINING,A25,1270000000
K_SW,B_MINING,A35,1270000000
K_SW,B_MINING,A50,1270000000
K_SW,B_MINING,A65,1270000000
K_SW,C_MANUFACTURING,A16,1270000000
K_SW,C_MANUFACTURING,A18,1270000000
K_SW,C_MANUFACTURING,A25,1270000000
K_SW,C_MANUFACTURING,A35,1270000000
K_SW,C_MANUFACTURING,A50,1270000000
K_SW,C_MANUFACTURING,A65,1270000000
K_SW,D_ELECTRICITY,A16,1270000000
K_SW,D_ELECTRICITY,A18,1270000000
K_SW,D_ELECTRICITY,A25,1270000000
K_SW,D_ELECTRICITY,A35,1270000000
K_SW,D_ELECTRICITY,A50,1270000000
K_SW,D_ELECTRICITY,A65,1270000000
K_SW,E_WATER,A16,1270000000
K_SW,E_WATER,A18,1270000000
K_SW,E_WATER,A25,1270000000
K_SW,E_WATER,A35,1270000000
K_SW,E_WATER,A50,1270000000
K_SW,E_WATER,A65,1270000000
K_SW,F_CONSTRUCTION,A16,1270000000
K_SW,F_CONSTRUCTION,A18,1270000000
K_SW,F_CONSTRUCTION,A25,1270000000
K_SW,F_CONSTRUCTION,A35,1270000000
K_SW,F_CONSTRUCTION,A50,1270000000
K_SW,F_CONSTRUCTION,A65,1270000000
K_SW,G_TRADE,A16,1270000000
K_SW,G_TRADE,A18,1270000000
K_SW,G_TRADE,A25,1270000000
K_SW,G_TRADE,A35,1270000000
K_SW,G_TRADE,A50,1270000000
K_SW,G_TRADE,A65,1270000000
K_SW,H_TRANSPORT,A16,1270000000
K_SW,H_TRANSPORT,A18,1270000000
K_SW,H_TRANSPORT,A25,1270000000
K_SW,H_TRANSPORT,A35,1270000000
K_SW,H_TRANSPORT,A50,1270000000
K_SW,H_TRANSPORT,A65,1270000000
K_SW,I_ACCOMODATION,A16,1270000000
K_SW,I_ACCOMODATION,A18,1270000000
K_SW,I_ACCOMODATION,A25,1270000000
K_SW,I_ACCOMODATION,A35,1270000000
K_SW,I_ACCOMODATION,A50,1270000000
K_SW,I_ACCOMODATION,A65,1270000000
K_SW,J_COMMUNICATION,A16,1270000000
K_SW,J_COMMUNICATION,A18,1270000000
K_SW,J_COMMUNICATION,A25,1270000000
K_SW,J_COMMUNICATION,A35,1270000000
K_SW,J_COMMUNICATION,A50,1270000000
K_SW,J_COMMUNICATION,A65,1270000000
K_SW,K_FINANCIAL,A16,1270000000
K_SW,K_FINANCIAL,A18,1270000000
K_SW,K_FINANCIAL,A25,1270000000
K_SW,K_FINANCIAL,A35,1270000000
K_SW,K_FINANCIAL,A50,1270000000
K_SW,K_FINANCIAL,A65,1270000000
K_SW,L_REAL_ESTATE,A16,1270000000
K_SW,L_REAL_ESTATE,A18,1270000000
K_SW,L_REAL_ESTATE,A25,1270000000
K_SW,L_REAL_ESTATE,A35,1270000000
K_SW,L_REAL_ESTATE,A50,1270000000
K_SW,L_REAL_ESTATE,A65,1270000000
K_SW,M_PROFESSIONAL,A16,1270000000
K_SW,M_PROFESSIONAL,A18,1270000000
K_SW,M_PROFESSIONAL,A25,1270000000
K_SW,M_PROFESSIONAL,A35,1270000000
K_SW,M_PROFESSIONAL,A50,1270000000
K_SW,M_PROFESSIONAL,A65,1270000000
K_SW,N_ADMINISTRATIVE,A16,1270000000
K_SW,N_ADMINISTRATIVE,A18,1270000000
K_SW,N_ADMINISTRATIVE,A25,1270000000
K_SW,N_ADMINISTRATIVE,A35,1270000000
K_SW,N_ADMINISTRATIVE,A50,1270000000
K_SW,N_ADMINISTRATIVE,A65,1270000000
K_SW,O_PUBLIC,A16,1270000000
K_SW,O_PUBLIC,A18,1270000000
K_SW,O_PUBLIC,A25,1270000000
K_SW,O_PUBLIC,A35,1270000000
K_SW,O_PUBLIC,A50,1270000000
K_SW,O_PUBLIC,A65,1270000000
K_SW,P_EDUCATION,A16,1270000000
K_SW,P_EDUCATION,A18,1270000000
K_SW,P_EDUCATION,A25,1270000000
K_SW,P_EDUCATION,A35,1270000000
K_SW,P_EDUCATION,A50,1270000000
K_SW,P_EDUCATION,A65,1270000000
K_SW,Q_HEALTH,A16,1270000000
K_SW,Q_HEALTH,A18,1270000000
K_SW,Q_HEALTH,A25,1270000000
K_SW,Q_HEALTH,A35,1270000000
K_SW,Q_HEALTH,A50,1270000000
K_SW,Q_HEALTH,A65,1270000000
K_SW,R_ARTS,A16,1270000000
K_SW,R_ARTS,A18,1270000000
K_SW,R_ARTS,A25,1270000000
K_SW,R_ARTS,A35,1270000000
K_SW,R_ARTS,A50,1270000000
K_SW,R_ARTS,A65,1270000000
K_SW,S_OTHER,A16,1270000000
K_SW,S_OTHER,A18,1270000000
K_SW,S_OTHER,A25,1270000000
K_SW,S_OTHER,A35,1270000000
K_SW,S_OTHER,A50,1270000000
K_SW,S_OTHER,A65,1270000000
K_SW,T_HOUSEHOLD,A16,1270000000
K_SW,T_HOUSEHOLD,A18,1270000000
K_SW,T_HOUSEHOLD,A25,1270000000
K_SW,T_HOUSEHOLD,A35,1270000000
K_SW,T_HOUSEHOLD,A50,1270000000
K_SW,T_HOUSEHOLD,A65,1270000000
L_WALES,A_AGRICULTURE,A16,1270000000
L_WALES,A_AGRICULTURE,A18,1270000000
L_WALES,A_AGRICULTURE,A25,1270000000
L_WALES,A_AGRICULTURE,A35,1270000000
L_WALES,A_AGRICULTURE,A50,1270000000
L_WALES,A_AGRICULTURE,A65,1270000000
L_WALES,B_MINING,A16,1270000000
L_WALES,B_MINING,A18,1270000000
L_WALES,B_MINING,A25,1270000000
L_WALES,B_MINING,A35,1270000000
L_WALES,B_MINING,A50,1270000000
L_WALES,B_MINING,A65,1270000000
L_WALES,C_MANUFACTURING,A16,1270000000
L_WALES,C_MANUFACTURING,A18,1270000000
L_WALES,C_MANUFACTURING,A25,1270000000
L_WALES,C_MANUFACTURING,A35,1270000000
L_WALES,C_MANUFACTURING,A50,1270000000
L_WALES,C_MANUFACTURING,A65,1270000000
L_WALES,D_ELECTRICITY,A16,1270000000
L_WALES,D_ELECTRICITY,A18,1270000000
L_WALES,D_ELECTRICITY,A25,1270000000
L_WALES,D_ELECTRICITY,A35,1270000000
L_WALES,D_ELECTRICITY,A50,1270000000
L_WALES,D_ELECTRICITY,A65,1270000000
L_WALES,E_WATER,A16,1270000000
L_WALES,E_WATER,A18,1270000000
L_WALES,E_WATER,A25,1270000000
L_WALES,E_WATER,A35,1270000000
L_WALES,E_WATER,A50,1270000000
L_WALES,E_WATER,A65,1270000000
L_WALES,F_CONSTRUCTION,A16,1270000000
L_WALES,F_CONSTRUCTION,A18,1270000000
L_WALES,F_CONSTRUCTION,A25,1270000000
L_WALES,F_CONSTRUCTION,A35,1270000000
L_WALES,F_CONSTRUCTION,A50,1270000000
L_WALES,F_CONSTRUCTION,A65,1270000000
L_WALES,G_TRADE,A16,1270000000
L_WALES,G_TRADE,A18,1270000000
L_WALES,G_TRADE,A25,1270000000
L_WALES,G_TRADE,A35,1270000000
L_WALES,G_TRADE,A50,1270000000
L_WALES,G_TRADE,A65,1270000000
L_WALES,H_TRANSPORT,A16,1270000000
L_WALES,H_TRANSPORT,A18,1270000000
L_WALES,H_TRANSPORT,A25,1270000000
L_WALES,H_TRANSPORT,A35,1270000000
L_WALES,H_TRANSPORT,A50,1270000000
L_WALES,H_TRANSPORT,A65,1270000000
L_WALES,I_ACCOMODATION,A16,1270000000
L_WALES,I_ACCOMODATION,A18,1270000000
L_WALES,I_ACCOMODATION,A25,1270000000
L_WALES,I_ACCOMODATION,A35,1270000000
L_WALES,I_ACCOMODATION,A50,1270000000
L_WALES,I_ACCOMODATION,A65,1270000000
L_WALES,J_COMMUNICATION,A16,1270000000
L_WALES,J_COMMUNICATION,A18,1270000000
L_WALES,J_COMMUNICATION,A25,1270000000
L_WALES,J_COMMUNICATION,A35,1270000000
L_WALES,J_COMMUNICATION,A50,1270000000
L_WALES,J_COMMUNICATION,A65,1270000000
L_WALES,K_FINANCIAL,A16,1270000000
L_WALES,K_FINANCIAL,A18,1270000000
L_WALES,K_FINANCIAL,A25,1270000000
L_WALES,K_FINANCIAL,A35,1270000000
L_WALES,K_FINANCIAL,A50,1270000000
L_WALES,K_FINANCIAL,A65,1270000000
L_WALES,L_REAL_ESTATE,A16,1270000000
L_WALES,L_REAL_ESTATE,A18,1270000000
L_WALES,L_REAL_ESTATE,A25,1270000000
L_WALES,L_REAL_ESTATE,A35,1270000000
L_WALES,L_REAL_ESTATE,A50,1270000000
L_WALES,L_REAL_ESTATE,A65,1270000000
L_WALES,M_PROFESSIONAL,A16,1270000000
L_WALES,M_PROFESSIONAL,A18,1270000000
L_WALES,M_PROFESSIONAL,A25,1270000000
L_WALES,M_PROFESSIONAL,A35,1270000000
L_WALES,M_PROFESSIONAL,A50,1270000000
L_WALES,M_PROFESSIONAL,A65,1270000000
L_WALES,N_ADMINISTRATIVE,A16,1270000000
L_WALES,N_ADMINISTRATIVE,A18,1270000000
L_WALES,N_ADMINISTRATIVE,A25,1270000000
L_WALES,N_ADMINISTRATIVE,A35,1270000000
L_WALES,N_ADMINISTRATIVE,A50,1270000000
L_WALES,N_ADMINISTRATIVE,A65,1270000000
L_WALES,O_PUBLIC,A16,1270000000
L_WALES,O_PUBLIC,A18,1270000000
L_WALES,O_PUBLIC,A25,1270000000
L_WALES,O_PUBLIC,A35,1270000000
L_WALES,O_PUBLIC,A50,1270000000
L_WALES,O_PUBLIC,A65,1270000000
L_WALES,P_EDUCATION,A16,1270000000
L_WALES,P_EDUCATION,A18,1270000000
L_WALES,P_EDUCATION,A25,1270000000
L_WALES,P_EDUCATION,A35,1270000000
L_WALES,P_EDUCATION,A50,1270000000
L_WALES,P_EDUCATION,A65,1270000000
L_WALES,Q_HEALTH,A16,1270000000
L_WALES,Q_HEALTH,A18,1270000000
L_WALES,Q_HEALTH,A25,1270000000
L_WALES,Q_HEALTH,A35,1270000000
L_WALES,Q_HEALTH,A50,1270000000
L_WALES,Q_HEALTH,A65,1270000000
L_WALES,R_ARTS,A16,1270000000
L_WALES,R_ARTS,A18,1270000000
L_WALES,R_ARTS,A25,1270000000
L_WALES,R_ARTS,A35,1270000000
L_WALES,R_ARTS,A50,1270000000
L_WALES,R_ARTS,A65,1270000000
L_WALES,S_OTHER,A16,1270000000
L_WALES,S_OTHER,A18,1270000000
L_WALES,S_OTHER,A25,1270000000
L_WALES,S_OTHER,A35,1270000000
L_WALES,S_OTHER,A50,1270000000
L_WALES,S_OTHER,A65,1270000000
L_WALES,T_HOUSEHOLD,A16,1270000000
L_WALES,T_HOUSEHOLD,A18,1270000000
L_WALES,T_HOUSEHOLD,A25,1270000000
L_WALES,T_HOUSEHOLD,A35,1270000000
L_WALES,T_HOUSEHOLD,A50,1270000000
L_WALES,T_HOUSEHOLD,A65,1270000000
M_SCOTLAND,A_AGRICULTURE,A16,1270000000
M_SCOTLAND,A_AGRICULTURE,A18,1270000000
M_SCOTLAND,A_AGRICULTURE,A25,1270000000
M_SCOTLAND,A_AGRICULTURE,A35,1270000000
M_SCOTLAND,A_AGRICULTURE,A50,1270000000
M_SCOTLAND,A_AGRICULTURE,A65,1270000000
M_SCOTLAND,B_MINING,A16,1270000000
M_SCOTLAND,B_MINING,A18,1270000000
M_SCOTLAND,B_MINING,A25,1270000000
M_SCOTLAND,B_MINING,A35,1270000000
M_SCOTLAND,B_MINING,A50,1270000000
M_SCOTLAND,B_MINING,A65,1270000000
M_SCOTLAND,C_MANUFACTURING,A16,1270000000
M_SCOTLAND,C_MANUFACTURING,A18,1270000000
M_SCOTLAND,C_MANUFACTURING,A25,1270000000
M_SCOTLAND,C_MANUFACTURING,A35,1270000000
M_SCOTLAND,C_MANUFACTURING,A50,1270000000
M_SCOTLAND,C_MANUFACTURING,A65,1270000000
M_SCOTLAND,D_ELECTRICITY,A16,1270000000
M_SCOTLAND,D_ELECTRICITY,A18,1270000000
M_SCOTLAND,D_ELECTRICITY,A25,1270000000
M_SCOTLAND,D_ELECTRICITY,A35,1270000000
M_SCOTLAND,D_ELECTRICITY,A50,1270000000
M_SCOTLAND,D_ELECTRICITY,A65,1270000000
M_SCOTLAND,E_WATER,A16,1270000000
M_SCOTLAND,E_WATER,A18,1270000000
M_SCOTLAND,E_WATER,A25,1270000000
M_SCOTLAND,E_WATER,A35,1270000000
M_SCOTLAND,E_WATER,A50,1270000000
M_SCOTLAND,E_WATER,A65,1270000000
M_SCOTLAND,F_CONSTRUCTION,A16,1270000000
M_SCOTLAND,F_CONSTRUCTION,A18,1270000000
M_SCOTLAND,F_CONSTRUCTION,A25,1270000000
M_SCOTLAND,F_CONSTRUCTION,A35,1270000000
M_SCOTLAND,F_CONSTRUCTION,A50,1270000000
M_SCOTLAND,F_CONSTRUCTION,A65,1270000000
M_SCOTLAND,G_TRADE,A16,1270000000
M_SCOTLAND,G_TRADE,A18,1270000000
M_SCOTLAND,G_TRADE,A25,1270000000
M_SCOTLAND,G_TRADE,A35,1270000000
M_SCOTLAND,G_TRADE,A50,1270000000
M_SCOTLAND,G_TRADE,A65,1270000000
M_SCOTLAND,H_TRANSPORT,A16,1270000000
M_SCOTLAND,H_TRANSPORT,A18,1270000000
M_SCOTLAND,H_TRANSPORT,A25,1270000000
M_SCOTLAND,H_TRANSPORT,A35,1270000000
M_SCOTLAND,H_TRANSPORT,A50,1270000000
M_SCOTLAND,H_TRANSPORT,A65,1270000000
M_SCOTLAND,I_ACCOMODATION,A16,1270000000
M_SCOTLAND,I_ACCOMODATION,A18,1270000000
M_SCOTLAND,I_ACCOMODATION,A25,1270000000
M_SCOTLAND,I_ACCOMODATION,A35,1270000000
M_SCOTLAND,I_ACCOMODATION,A50,1270000000
M_SCOTLAND,I_ACCOMODATION,A65,1270000000
M_SCOTLAND,J_COMMUNICATION,A16,1270000000
M_SCOTLAND,J_COMMUNICATION,A18,1270000000
M_SCOTLAND,J_COMMUNICATION,A25,1270000000
M_SCOTLAND,J_COMMUNICATION,A35,1270000000
M_SCOTLAND,J_COMMUNICATION,A50,1270000000
M_SCOTLAND,J_COMMUNICATION,A65,1270000000
M_SCOTLAND,K_FINANCIAL,A16,1270000000
M_SCOTLAND,K_FINANCIAL,A18,1270000000
M_SCOTLAND,K_FINANCIAL,A25,1270000000
M_SCOTLAND,K_FINANCIAL,A35,1270000000
M_SCOTLAND,K_FINANCIAL,A50,1270000000
M_SCOTLAND,K_FINANCIAL,A65,1270000000
M_SCOTLAND,L_REAL_ESTATE,A16,1270000000
M_SCOTLAND,L_REAL_ESTATE,A18,1270000000
M_SCOTLAND,L_REAL_ESTATE,A25,1270000000
M_SCOTLAND,L_REAL_ESTATE,A35,1270000000
M_SCOTLAND,L_REAL_ESTATE,A50,1270000000
M_SCOTLAND,L_REAL_ESTATE,A65,1270000000
M_SCOTLAND,M_PROFESSIONAL,A16,1270000000
M_SCOTLAND,M_PROFESSIONAL,A18,1270000000
M_SCOTLAND,M_PROFESSIONAL,A25,1270000000
M_SCOTLAND,M_PROFESSIONAL,A35,1270000000
M_SCOTLAND,M_PROFESSIONAL,A50,1270000000
M_SCOTLAND,M_PROFESSIONAL,A65,1270000000
M_SCOTLAND,N_ADMINISTRATIVE,A16,1270000000
M_SCOTLAND,N_ADMINISTRATIVE,A18,1270000000
M_SCOTLAND,N_ADMINISTRATIVE,A25,1270000000
M_SCOTLAND,N_ADMINISTRATIVE,A35,1270000000
M_SCOTLAND,N_ADMINISTRATIVE,A50,1270000000
M_SCOTLAND,N_ADMINISTRATIVE,A65,1270000000
M_SCOTLAND,O_PUBLIC,A16,1270000000
M_SCOTLAND,O_PUBLIC,A18,1270000000
M_SCOTLAND,O_PUBLIC,A25,1270000000
M_SCOTLAND,O_PUBLIC,A35,1270000000
M_SCOTLAND,O_PUBLIC,A50,1270000000
M_SCOTLAND,O_PUBLIC,A65,1270000000
M_SCOTLAND,P_EDUCATION,A16,1270000000
M_SCOTLAND,P_EDUCATION,A18,1270000000
M_SCOTLAND,P_EDUCATION,A25,1270000000
M_SCOTLAND,P_EDUCATION,A35,1270000000
M_SCOTLAND,P_EDUCATION,A50,1270000000
M_SCOTLAND,P_EDUCATION,A65,1270000000
M_SCOTLAND,Q_HEALTH,A16,1270000000
M_SCOTLAND,Q_HEALTH,A18,1270000000
M_SCOTLAND,Q_HEALTH,A25,1270000000
M_SCOTLAND,Q_HEALTH,A35,1270000000
M_SCOTLAND,Q_HEALTH,A50,1270000000
M_SCOTLAND,Q_HEALTH,A65,1270000000
M_SCOTLAND,R_ARTS,A16,1270000000
M_SCOTLAND,R_ARTS,A18,1270000000
M_SCOTLAND,R_ARTS,A25,1270000000
M_SCOTLAND,R_ARTS,A35,1270000000
M_SCOTLAND,R_ARTS,A50,1270000000
M_SCOTLAND,R_ARTS,A65,1270000000
M_SCOTLAND,S_OTHER,A16,1270000000
M_SCOTLAND,S_OTHER,A18,1270000000
M_SCOTLAND,S_OTHER,A25,1270000000
M_SCOTLAND,S_OTHER,A35,1270000000
M_SCOTLAND,S_OTHER,A50,1270000000
M_SCOTLAND,S_OTHER,A65,1270000000
M_SCOTLAND,T_HOUSEHOLD,A16,1270000000
M_SCOTLAND,T_HOUSEHOLD,A18,1270000000
M_SCOTLAND,T_HOUSEHOLD,A25,1270000000
M_SCOTLAND,T_HOUSEHOLD,A35,1270000000
M_SCOTLAND,T_HOUSEHOLD,A50,1270000000
M_SCOTLAND,T_HOUSEHOLD,A65,1270000000
N_NI,A_AGRICULTURE,A16,1270000000
N_NI,A_AGRICULTURE,A18,1270000000
N_NI,A_AGRICULTURE,A25,1270000000
N_NI,A_AGRICULTURE,A35,1270000000
N_NI,A_AGRICULTURE,A50,1270000000
N_NI,A_AGRICULTURE,A65,1270000000
N_NI,B_MINING,A16,1270000000
N_NI,B_MINING,A18,1270000000
N_NI,B_MINING,A25,1270000000
N_NI,B_MINING,A35,1270000000
N_NI,B_MINING,A50,1270000000
N_NI,B_MINING,A65,1270000000
N_NI,C_MANUFACTURING,A16,1270000000
N_NI,C_MANUFACTURING,A18,1270000000
N_NI,C_MANUFACTURING,A25,1270000000
N_NI,C_MANUFACTURING,A35,1270000000
N_NI,C_MANUFACTURING,A50,1270000000
N_NI,C_MANUFACTURING,A65,1270000000
N_NI,D_ELECTRICITY,A16,1270000000
N_NI,D_ELECTRICITY,A18,1270000000
N_NI,D_ELECTRICITY,A25,1270000000
N_NI,D_ELECTRICITY,A35,1270000000
N_NI,D_ELECTRICITY,A50,1270000000
N_NI,D_ELECTRICITY,A65,1270000000
N_NI,E_WATER,A16,1270000000
N_NI,E_WATER,A18,1270000000
N_NI,E_WATER,A25,1270000000
N_NI,E_WATER,A35,1270000000
N_NI,E_WATER,A50,1270000000
N_NI,E_WATER,A65,1270000000
N_NI,F_CONSTRUCTION,A16,1270000000
N_NI,F_CONSTRUCTION,A18,1270000000
N_NI,F_CONSTRUCTION,A25,1270000000
N_NI,F_CONSTRUCTION,A35,1270000000
N_NI,F_CONSTRUCTION,A50,1270000000
N_NI,F_CONSTRUCTION,A65,1270000000
N_NI,G_TRADE,A16,1270000000
N_NI,G_TRADE,A18,1270000000
N_NI,G_TRADE,A25,1270000000
N_NI,G_TRADE,A35,1270000000
N_NI,G_TRADE,A50,1270000000
N_NI,G_TRADE,A65,1270000000
N_NI,H_TRANSPORT,A16,1270000000
N_NI,H_TRANSPORT,A18,1270000000
N_NI,H_TRANSPORT,A25,1270000000
N_NI,H_TRANSPORT,A35,1270000000
N_NI,H_TRANSPORT,A50,1270000000
N_NI,H_TRANSPORT,A65,1270000000
N_NI,I_ACCOMODATION,A16,1270000000
N_NI,I_ACCOMODATION,A18,1270000000
N_NI,I_ACCOMODATION,A25,1270000000
N_NI,I_ACCOMODATION,A35,1270000000
N_NI,I_ACCOMODATION,A50,1270000000
N_NI,I_ACCOMODATION,A65,1270000000
N_NI,J_COMMUNICATION,A16,1270000000
N_NI,J_COMMUNICATION,A18,1270000000
N_NI,J_COMMUNICATION,A25,1270000000
N_NI,J_COMMUNICATION,A35,1270000000
N_NI,J_COMMUNICATION,A50,1270000000
N_NI,J_COMMUNICATION,A65,1270000000
N_NI,K_FINANCIAL,A16,1270000000
N_NI,K_FINANCIAL,A18,1270000000
N_NI,K_FINANCIAL,A25,1270000000
N_NI,K_FINANCIAL,A35,1270000000
N_NI,K_FINANCIAL,A50,1270000000
N_NI,K_FINANCIAL,A65,1270000000
N_NI,L_REAL_ESTATE,A16,1270000000
N_NI,L_REAL_ESTATE,A18,1270000000
N_NI,L_REAL_ESTATE,A25,1270000000
N_NI,L_REAL_ESTATE,A35,1270000000
N_NI,L_REAL_ESTATE,A50,1270000000
N_NI,L_REAL_ESTATE,A65,1270000000
N_NI,M_PROFESSIONAL,A16,1270000000
N_NI,M_PROFESSIONAL,A18,1270000000
N_NI,M_PROFESSIONAL,A25,1270000000
N_NI,M_PROFESSIONAL,A35,1270000000
N_NI,M_PROFESSIONAL,A50,1270000000
N_NI,M_PROFESSIONAL,A65,1270000000
N_NI,N_ADMINISTRATIVE,A16,1270000000
N_NI,N_ADMINISTRATIVE,A18,1270000000
N_NI,N_ADMINISTRATIVE,A25,1270000000
N_NI,N_ADMINISTRATIVE,A35,1270000000
N_NI,N_ADMINISTRATIVE,A50,1270000000
N_NI,N_ADMINISTRATIVE,A65,1270000000
N_NI,O_PUBLIC,A16,1270000000
N_NI,O_PUBLIC,A18,1270000000
N_NI,O_PUBLIC,A25,1270000000
N_NI,O_PUBLIC,A35,1270000000
N_NI,O_PUBLIC,A50,1270000000
N_NI,O_PUBLIC,A65,1270000000
N_NI,P_EDUCATION,A16,1270000000
N_NI,P_EDUCATION,A18,1270000000
N_NI,P_EDUCATION,A25,1270000000
N_NI,P_EDUCATION,A35,1270000000
N_NI,P_EDUCATION,A50,1270000000
N_NI,P_EDUCATION,A65,1270000000
N_NI,Q_HEALTH,A16,1270000000
N_NI,Q_HEALTH,A18,1270000000
N_NI,Q_HEALTH,A25,1270000000
N_NI,Q_HEALTH,A35,1270000000
N_NI,Q_HEALTH,A50,1270000000
N_NI,Q_HEALTH,A65,1270000000
N_NI,R_ARTS,A16,1270000000
N_NI,R_ARTS,A18,1270000000
N_NI,R_ARTS,A25,1270000000
N_NI,R_ARTS,A35,1270000000
N_NI,R_ARTS,A50,1270000000
N_NI,R_ARTS,A65,1270000000
N_NI,S_OTHER,A16,1270000000
N_NI,S_OTHER,A18,1270000000
N_NI,S_OTHER,A25,1270000000
N_NI,S_OTHER,A35,1270000000
N_NI,S_OTHER,A50,1270000000
N_NI,S_OTHER,A65,1270000000
N_NI,T_HOUSEHOLD,A16,1270000000
N_NI,T_HOUSEHOLD,A18,1270000000
N_NI,T_HOUSEHOLD,A25,1270000000
N_NI,T_HOUSEHOLD,A35,1270000000
N_NI,T_HOUSEHOLD,A50,1270000000
N_NI,T_HOUSEHOLD,A65,1270000000
